{"v":"5.6.8","fr":30,"ip":0,"op":150,"w":315,"h":188,"nm":"new","ddd":0,"assets":[{"id":"image_0","w":464,"h":173,"u":"images/","p":"img_0.png","e":0}],"layers":[{"ddd":0,"ind":2,"ty":4,"nm":"Shape Layer 1","sr":1,"ks":{"o":{"a":0,"k":100,"ix":11},"r":{"a":0,"k":0,"ix":10},"p":{"a":0,"k":[157.114,132.364,0],"ix":2},"a":{"a":0,"k":[0,0,0],"ix":1},"s":{"a":0,"k":[100,100,100],"ix":6}},"ao":0,"shapes":[],"ip":0,"op":150,"st":0,"bm":0},{"ddd":0,"ind":3,"ty":4,"nm":"TriangleLeft","sr":1,"ks":{"o":{"a":0,"k":100,"ix":11},"r":{"a":1,"k":[{"i":{"x":[0.833],"y":[0.833]},"o":{"x":[0.167],"y":[0.167]},"t":9,"s":[262]},{"t":29,"s":[0]}],"ix":10},"p":{"a":1,"k":[{"i":{"x":0,"y":0.359},"o":{"x":0.167,"y":0.167},"t":9,"s":[157.5,140,0],"to":[0,0,0],"ti":[0,0,0]},{"t":29,"s":[95.449,44.997,0]}],"ix":2},"a":{"a":0,"k":[95.449,44.997,0],"ix":1},"s":{"a":1,"k":[{"i":{"x":[0.042,0.042,0.833],"y":[1.006,1.006,-26.778]},"o":{"x":[0.167,0.167,0.167],"y":[0.167,0.167,16.667]},"t":9,"s":[0,0,100]},{"t":29,"s":[100,100,100]}],"ix":6}},"ao":0,"shapes":[{"ty":"gr","it":[{"ind":0,"ty":"sh","ix":1,"ks":{"a":0,"k":{"i":[[0,0],[0,0],[0,0],[0,0],[0,0],[0,0]],"o":[[0,0],[0,0],[0,0],[0,0],[0,0],[0,0]],"v":[[-2.18,-3.777],[2.178,-3.775],[4.359,0.001],[2.181,3.777],[-2.18,3.775],[-4.359,-0.001]],"c":true},"ix":2},"nm":"Pfad 1","mn":"ADBE Vector Shape - Group","hd":false},{"ty":"st","c":{"a":0,"k":[0.011999999776,0.663000009574,0.957000014361,1],"ix":3},"o":{"a":0,"k":100,"ix":4},"w":{"a":0,"k":1,"ix":5},"lc":1,"lj":1,"ml":4,"bm":0,"nm":"Kontur 1","mn":"ADBE Vector Graphic - Stroke","hd":false},{"ty":"tr","p":{"a":0,"k":[95.449,44.997],"ix":2},"a":{"a":0,"k":[0,0],"ix":1},"s":{"a":0,"k":[100,100],"ix":3},"r":{"a":0,"k":0,"ix":6},"o":{"a":0,"k":100,"ix":7},"sk":{"a":0,"k":0,"ix":4},"sa":{"a":0,"k":0,"ix":5},"nm":"Transform"}],"nm":"Gruppe 1","np":2,"cix":2,"bm":0,"ix":1,"mn":"ADBE Vector Group","hd":false}],"ip":0,"op":150,"st":0,"bm":0},{"ddd":0,"ind":4,"ty":4,"nm":"TriangleRight","sr":1,"ks":{"o":{"a":0,"k":100,"ix":11},"r":{"a":1,"k":[{"i":{"x":[0.833],"y":[0.833]},"o":{"x":[0.167],"y":[0.167]},"t":3,"s":[-63]},{"t":23,"s":[0]}],"ix":10},"p":{"a":1,"k":[{"i":{"x":0,"y":0.505},"o":{"x":0.167,"y":0.167},"t":3,"s":[157.5,140,0],"to":[0,0,0],"ti":[0,0,0]},{"t":23,"s":[232.067,102.75,0]}],"ix":2},"a":{"a":0,"k":[248.067,112.75,0],"ix":1},"s":{"a":1,"k":[{"i":{"x":[0.042,0.042,0.833],"y":[1.006,1.006,-26.778]},"o":{"x":[0.167,0.167,0.167],"y":[0.167,0.167,16.667]},"t":3,"s":[0,0,100]},{"t":23,"s":[100,100,100]}],"ix":6}},"ao":0,"shapes":[{"ty":"gr","it":[{"ind":0,"ty":"sh","ix":1,"ks":{"a":0,"k":{"i":[[0,0],[0,0],[0,0],[0,0],[0,0],[0,0]],"o":[[0,0],[0,0],[0,0],[0,0],[0,0],[0,0]],"v":[[-1.53,-6.63],[4.974,-4.639],[6.505,1.99],[1.532,6.63],[-4.972,4.64],[-6.505,-1.989]],"c":true},"ix":2},"nm":"Pfad 1","mn":"ADBE Vector Shape - Group","hd":false},{"ty":"st","c":{"a":0,"k":[0.011999999776,0.663000009574,0.957000014361,1],"ix":3},"o":{"a":0,"k":100,"ix":4},"w":{"a":0,"k":1,"ix":5},"lc":1,"lj":1,"ml":4,"bm":0,"nm":"Kontur 1","mn":"ADBE Vector Graphic - Stroke","hd":false},{"ty":"tr","p":{"a":0,"k":[248.067,112.75],"ix":2},"a":{"a":0,"k":[0,0],"ix":1},"s":{"a":0,"k":[100,100],"ix":3},"r":{"a":0,"k":0,"ix":6},"o":{"a":0,"k":100,"ix":7},"sk":{"a":0,"k":0,"ix":4},"sa":{"a":0,"k":0,"ix":5},"nm":"Transform"}],"nm":"Gruppe 1","np":2,"cix":2,"bm":0,"ix":1,"mn":"ADBE Vector Group","hd":false}],"ip":0,"op":150,"st":0,"bm":0},{"ddd":0,"ind":5,"ty":4,"nm":"RectangleRight","sr":1,"ks":{"o":{"a":0,"k":100,"ix":11},"r":{"a":1,"k":[{"i":{"x":[0.833],"y":[0.833]},"o":{"x":[0.167],"y":[0.167]},"t":0,"s":[-200]},{"t":20,"s":[0]}],"ix":10},"p":{"a":1,"k":[{"i":{"x":0,"y":0.277},"o":{"x":0.167,"y":0.167},"t":0,"s":[157.5,140,0],"to":[0,0,0],"ti":[0,0,0]},{"t":20,"s":[235.728,77.196,0]}],"ix":2},"a":{"a":0,"k":[120.728,247.196,0],"ix":1},"s":{"a":1,"k":[{"i":{"x":[0.042,0.042,0.833],"y":[1.006,1.006,-26.778]},"o":{"x":[0.167,0.167,0.167],"y":[0.167,0.167,16.667]},"t":0,"s":[0,0,100]},{"t":20,"s":[100,100,100]}],"ix":6}},"ao":0,"shapes":[{"ty":"gr","it":[{"ind":0,"ty":"sh","ix":1,"ks":{"a":0,"k":{"i":[[0,0],[0,0],[0,0]],"o":[[0,0],[0,0],[0,0]],"v":[[-2.376,-3.394],[2.799,1.018],[-2.799,3.394]],"c":true},"ix":2},"nm":"Pfad 1","mn":"ADBE Vector Shape - Group","hd":false},{"ty":"st","c":{"a":0,"k":[0.149000010771,0.783999992819,0.33300000359,1],"ix":3},"o":{"a":0,"k":100,"ix":4},"w":{"a":0,"k":1,"ix":5},"lc":1,"lj":1,"ml":4,"bm":0,"nm":"Kontur 1","mn":"ADBE Vector Graphic - Stroke","hd":false},{"ty":"tr","p":{"a":0,"k":[120.728,247.196],"ix":2},"a":{"a":0,"k":[0,0],"ix":1},"s":{"a":0,"k":[100,100],"ix":3},"r":{"a":0,"k":0,"ix":6},"o":{"a":0,"k":100,"ix":7},"sk":{"a":0,"k":0,"ix":4},"sa":{"a":0,"k":0,"ix":5},"nm":"Transform"}],"nm":"Gruppe 1","np":2,"cix":2,"bm":0,"ix":1,"mn":"ADBE Vector Group","hd":false}],"ip":0,"op":150,"st":0,"bm":0},{"ddd":0,"ind":6,"ty":4,"nm":"RectangleLeft","sr":1,"ks":{"o":{"a":0,"k":100,"ix":11},"r":{"a":1,"k":[{"i":{"x":[0.833],"y":[0.833]},"o":{"x":[0.167],"y":[0.167]},"t":8,"s":[134]},{"t":28,"s":[0]}],"ix":10},"p":{"a":1,"k":[{"i":{"x":0,"y":0.549},"o":{"x":0.167,"y":0.167},"t":8,"s":[157.5,140,0],"to":[0,0,0],"ti":[0,0,0]},{"t":28,"s":[82.63,79.445,0]}],"ix":2},"a":{"a":0,"k":[61.63,139.445,0],"ix":1},"s":{"a":1,"k":[{"i":{"x":[0.042,0.042,0.833],"y":[1.006,1.006,-26.778]},"o":{"x":[0.167,0.167,0.167],"y":[0.167,0.167,16.667]},"t":8,"s":[0,0,100]},{"t":28,"s":[100,100,100]}],"ix":6}},"ao":0,"shapes":[{"ty":"gr","it":[{"ind":0,"ty":"sh","ix":1,"ks":{"a":0,"k":{"i":[[0,0],[0,0],[0,0]],"o":[[0,0],[0,0],[0,0]],"v":[[4.37,-5.433],[4.286,5.433],[-4.37,1.022]],"c":true},"ix":2},"nm":"Pfad 1","mn":"ADBE Vector Shape - Group","hd":false},{"ty":"st","c":{"a":0,"k":[0.149000010771,0.783999992819,0.33300000359,1],"ix":3},"o":{"a":0,"k":100,"ix":4},"w":{"a":0,"k":1,"ix":5},"lc":1,"lj":1,"ml":4,"bm":0,"nm":"Kontur 1","mn":"ADBE Vector Graphic - Stroke","hd":false},{"ty":"tr","p":{"a":0,"k":[61.63,139.445],"ix":2},"a":{"a":0,"k":[0,0],"ix":1},"s":{"a":0,"k":[100,100],"ix":3},"r":{"a":0,"k":0,"ix":6},"o":{"a":0,"k":100,"ix":7},"sk":{"a":0,"k":0,"ix":4},"sa":{"a":0,"k":0,"ix":5},"nm":"Transform"}],"nm":"Gruppe 1","np":2,"cix":2,"bm":0,"ix":1,"mn":"ADBE Vector Group","hd":false}],"ip":0,"op":150,"st":0,"bm":0},{"ddd":0,"ind":7,"ty":4,"nm":"CircleMid","sr":1,"ks":{"o":{"a":0,"k":100,"ix":11},"r":{"a":1,"k":[{"i":{"x":[0.833],"y":[0.833]},"o":{"x":[0.167],"y":[0.167]},"t":5,"s":[74]},{"t":25,"s":[0]}],"ix":10},"p":{"a":1,"k":[{"i":{"x":0,"y":0.387},"o":{"x":0.167,"y":0.167},"t":5,"s":[157.5,140,0],"to":[0,0,0],"ti":[0,0,0]},{"t":25,"s":[183.561,32.661,0]}],"ix":2},"a":{"a":0,"k":[183.561,32.661,0],"ix":1},"s":{"a":1,"k":[{"i":{"x":[0.042,0.042,0.833],"y":[1.006,1.006,-26.778]},"o":{"x":[0.167,0.167,0.167],"y":[0.167,0.167,16.667]},"t":5,"s":[0,0,100]},{"t":25,"s":[100,100,100]}],"ix":6}},"ao":0,"shapes":[{"ty":"gr","it":[{"ind":0,"ty":"sh","ix":1,"ks":{"a":0,"k":{"i":[[-2.146,0],[0,-2.147],[2.146,0],[0,2.147]],"o":[[2.146,0],[0,2.147],[-2.146,0],[0,-2.147]],"v":[[-0.001,-3.888],[3.886,0],[-0.001,3.888],[-3.887,0]],"c":true},"ix":2},"nm":"Pfad 1","mn":"ADBE Vector Shape - Group","hd":false},{"ty":"st","c":{"a":0,"k":[0.039000002543,0.313999998803,0.39199999641,1],"ix":3},"o":{"a":0,"k":100,"ix":4},"w":{"a":0,"k":1,"ix":5},"lc":1,"lj":1,"ml":4,"bm":0,"nm":"Kontur 1","mn":"ADBE Vector Graphic - Stroke","hd":false},{"ty":"tr","p":{"a":0,"k":[183.561,32.661],"ix":2},"a":{"a":0,"k":[0,0],"ix":1},"s":{"a":0,"k":[100,100],"ix":3},"r":{"a":0,"k":0,"ix":6},"o":{"a":0,"k":100,"ix":7},"sk":{"a":0,"k":0,"ix":4},"sa":{"a":0,"k":0,"ix":5},"nm":"Transform"}],"nm":"Gruppe 1","np":2,"cix":2,"bm":0,"ix":1,"mn":"ADBE Vector Group","hd":false}],"ip":0,"op":150,"st":0,"bm":0},{"ddd":0,"ind":8,"ty":4,"nm":"CircleLeft","sr":1,"ks":{"o":{"a":0,"k":100,"ix":11},"r":{"a":1,"k":[{"i":{"x":[0.833],"y":[0.833]},"o":{"x":[0.167],"y":[0.167]},"t":12,"s":[29]},{"t":32,"s":[0]}],"ix":10},"p":{"a":1,"k":[{"i":{"x":0,"y":0.4},"o":{"x":0.167,"y":0.167},"t":12,"s":[157.5,140,0],"to":[0,0,0],"ti":[0,0,0]},{"t":32,"s":[67.65,36.558,0]}],"ix":2},"a":{"a":0,"k":[214.65,244.558,0],"ix":1},"s":{"a":1,"k":[{"i":{"x":[0.042,0.042,0.833],"y":[1.006,1.006,-26.778]},"o":{"x":[0.167,0.167,0.167],"y":[0.167,0.167,16.667]},"t":12,"s":[0,0,100]},{"t":32,"s":[100,100,100]}],"ix":6}},"ao":0,"shapes":[{"ty":"gr","it":[{"ind":0,"ty":"sh","ix":1,"ks":{"a":0,"k":{"i":[[-3.22,0],[0,-3.222],[3.22,0],[0,3.221]],"o":[[3.22,0],[0,3.221],[-3.22,0],[0,-3.222]],"v":[[0,-5.832],[5.829,0],[0,5.832],[-5.829,0]],"c":true},"ix":2},"nm":"Pfad 1","mn":"ADBE Vector Shape - Group","hd":false},{"ty":"st","c":{"a":0,"k":[0.039000002543,0.313999998803,0.39199999641,1],"ix":3},"o":{"a":0,"k":100,"ix":4},"w":{"a":0,"k":1,"ix":5},"lc":1,"lj":1,"ml":4,"bm":0,"nm":"Kontur 1","mn":"ADBE Vector Graphic - Stroke","hd":false},{"ty":"tr","p":{"a":0,"k":[214.65,244.558],"ix":2},"a":{"a":0,"k":[0,0],"ix":1},"s":{"a":0,"k":[100,100],"ix":3},"r":{"a":0,"k":0,"ix":6},"o":{"a":0,"k":100,"ix":7},"sk":{"a":0,"k":0,"ix":4},"sa":{"a":0,"k":0,"ix":5},"nm":"Transform"}],"nm":"Gruppe 1","np":2,"cix":2,"bm":0,"ix":1,"mn":"ADBE Vector Group","hd":false}],"ip":0,"op":150,"st":0,"bm":0},{"ddd":0,"ind":9,"ty":4,"nm":"Star6","sr":1,"ks":{"o":{"a":0,"k":100,"ix":11},"r":{"a":1,"k":[{"i":{"x":[0.833],"y":[0.833]},"o":{"x":[0.167],"y":[0.167]},"t":3,"s":[168]},{"t":23,"s":[0]}],"ix":10},"p":{"a":1,"k":[{"i":{"x":0,"y":0.002},"o":{"x":0.167,"y":0.167},"t":3,"s":[157.5,140,0],"to":[0,0,0],"ti":[0,0,0]},{"t":23,"s":[251.925,91.226,0]}],"ix":2},"a":{"a":0,"k":[62.925,234.226,0],"ix":1},"s":{"a":1,"k":[{"i":{"x":[0.042,0.042,0.833],"y":[1.006,1.006,-26.778]},"o":{"x":[0.167,0.167,0.167],"y":[0.167,0.167,16.667]},"t":3,"s":[0,0,100]},{"t":23,"s":[100,100,100]}],"ix":6}},"ao":0,"shapes":[{"ty":"gr","it":[{"ind":0,"ty":"sh","ix":1,"ks":{"a":0,"k":{"i":[[0.209,0.131],[0,0],[0,0],[0.174,-0.142],[0,0],[0,0],[-0.093,-0.228],[0,0],[0,0],[-0.247,0.014],[0,0],[0,0],[-0.059,0.236],[0,0],[0,0]],"o":[[0,0],[0,0],[-0.012,-0.223],[0,0],[0,0],[-0.238,-0.069],[0,0],[0,0],[-0.135,0.201],[0,0],[0,0],[0.155,0.19],[0,0],[0,0],[0.232,-0.083]],"v":[[2.206,-0.077],[1.1,-0.771],[1.036,-2.051],[0.544,-2.269],[-0.45,-1.461],[-1.706,-1.819],[-2.062,-1.431],[-1.568,-0.237],[-2.281,0.82],[-2.008,1.278],[-0.711,1.208],[0.105,2.221],[0.628,2.116],[0.938,0.878],[2.156,0.446]],"c":true},"ix":2},"nm":"Pfad 1","mn":"ADBE Vector Shape - Group","hd":false},{"ty":"fl","c":{"a":0,"k":[1,0.728999956916,0.030999998953,1],"ix":4},"o":{"a":0,"k":100,"ix":5},"r":1,"bm":0,"nm":"Fläche 1","mn":"ADBE Vector Graphic - Fill","hd":false},{"ty":"tr","p":{"a":0,"k":[62.916,234.223],"ix":2},"a":{"a":0,"k":[0,0],"ix":1},"s":{"a":0,"k":[100,100],"ix":3},"r":{"a":0,"k":0,"ix":6},"o":{"a":0,"k":100,"ix":7},"sk":{"a":0,"k":0,"ix":4},"sa":{"a":0,"k":0,"ix":5},"nm":"Transform"}],"nm":"Gruppe 1","np":2,"cix":2,"bm":0,"ix":1,"mn":"ADBE Vector Group","hd":false}],"ip":0,"op":150,"st":0,"bm":0},{"ddd":0,"ind":10,"ty":4,"nm":"Star5","sr":1,"ks":{"o":{"a":0,"k":100,"ix":11},"r":{"a":1,"k":[{"i":{"x":[0.833],"y":[0.833]},"o":{"x":[0.167],"y":[0.167]},"t":8,"s":[-209]},{"t":28,"s":[0]}],"ix":10},"p":{"a":1,"k":[{"i":{"x":0.03,"y":0},"o":{"x":0.167,"y":0.167},"t":8,"s":[157.5,140,0],"to":[0,0,0],"ti":[0,0,0]},{"t":28,"s":[74.721,98.978,0]}],"ix":2},"a":{"a":0,"k":[35.721,103.978,0],"ix":1},"s":{"a":1,"k":[{"i":{"x":[0.042,0.042,0.833],"y":[1.006,1.006,-26.778]},"o":{"x":[0.167,0.167,0.167],"y":[0.167,0.167,16.667]},"t":8,"s":[0,0,100]},{"t":28,"s":[100,100,100]}],"ix":6}},"ao":0,"shapes":[{"ty":"gr","it":[{"ind":0,"ty":"sh","ix":1,"ks":{"a":0,"k":{"i":[[0.209,0.131],[0,0],[0,0],[0.174,-0.141],[0,0],[0,0],[-0.094,-0.227],[0,0],[0,0],[-0.247,0.014],[0,0],[0,0],[-0.059,0.237],[0,0],[0,0]],"o":[[0,0],[0,0],[-0.012,-0.224],[0,0],[0,0],[-0.238,-0.068],[0,0],[0,0],[-0.135,0.2],[0,0],[0,0],[0.155,0.191],[0,0],[0,0],[0.231,-0.083]],"v":[[2.206,-0.078],[1.1,-0.771],[1.036,-2.051],[0.544,-2.27],[-0.45,-1.461],[-1.706,-1.82],[-2.062,-1.432],[-1.568,-0.238],[-2.281,0.82],[-2.008,1.278],[-0.711,1.207],[0.105,2.22],[0.628,2.115],[0.938,0.878],[2.156,0.446]],"c":true},"ix":2},"nm":"Pfad 1","mn":"ADBE Vector Shape - Group","hd":false},{"ty":"fl","c":{"a":0,"k":[1,0.728999956916,0.030999998953,1],"ix":4},"o":{"a":0,"k":100,"ix":5},"r":1,"bm":0,"nm":"Fläche 1","mn":"ADBE Vector Graphic - Fill","hd":false},{"ty":"tr","p":{"a":0,"k":[35.712,103.975],"ix":2},"a":{"a":0,"k":[0,0],"ix":1},"s":{"a":0,"k":[100,100],"ix":3},"r":{"a":0,"k":0,"ix":6},"o":{"a":0,"k":100,"ix":7},"sk":{"a":0,"k":0,"ix":4},"sa":{"a":0,"k":0,"ix":5},"nm":"Transform"}],"nm":"Gruppe 1","np":2,"cix":2,"bm":0,"ix":1,"mn":"ADBE Vector Group","hd":false}],"ip":0,"op":150,"st":0,"bm":0},{"ddd":0,"ind":11,"ty":4,"nm":"Star4","sr":1,"ks":{"o":{"a":0,"k":100,"ix":11},"r":{"a":1,"k":[{"i":{"x":[0.833],"y":[0.833]},"o":{"x":[0.167],"y":[0.167]},"t":7,"s":[275]},{"t":27,"s":[0]}],"ix":10},"p":{"a":1,"k":[{"i":{"x":0.167,"y":0},"o":{"x":0.167,"y":0.167},"t":7,"s":[157.5,140,0],"to":[0,0,0],"ti":[0,0,0]},{"t":27,"s":[218.12,40.218,0]}],"ix":2},"a":{"a":0,"k":[261.12,26.218,0],"ix":1},"s":{"a":1,"k":[{"i":{"x":[0.042,0.042,0.833],"y":[1.006,1.006,-26.778]},"o":{"x":[0.167,0.167,0.167],"y":[0.167,0.167,16.667]},"t":7,"s":[0,0,100]},{"t":27,"s":[100,100,100]}],"ix":6}},"ao":0,"shapes":[{"ty":"gr","it":[{"ind":0,"ty":"sh","ix":1,"ks":{"a":0,"k":{"i":[[0.21,0.131],[0,0],[0,0],[0.174,-0.141],[0,0],[0,0],[-0.093,-0.228],[0,0],[0,0],[-0.247,0.014],[0,0],[0,0],[-0.059,0.236],[0,0],[0,0]],"o":[[0,0],[0,0],[-0.011,-0.223],[0,0],[0,0],[-0.238,-0.068],[0,0],[0,0],[-0.135,0.2],[0,0],[0,0],[0.155,0.19],[0,0],[0,0],[0.232,-0.082]],"v":[[2.206,-0.078],[1.099,-0.771],[1.034,-2.052],[0.543,-2.27],[-0.45,-1.461],[-1.707,-1.82],[-2.062,-1.432],[-1.568,-0.238],[-2.281,0.82],[-2.009,1.278],[-0.711,1.207],[0.105,2.22],[0.628,2.115],[0.937,0.878],[2.155,0.445]],"c":true},"ix":2},"nm":"Pfad 1","mn":"ADBE Vector Shape - Group","hd":false},{"ty":"fl","c":{"a":0,"k":[1,0.728999956916,0.030999998953,1],"ix":4},"o":{"a":0,"k":100,"ix":5},"r":1,"bm":0,"nm":"Fläche 1","mn":"ADBE Vector Graphic - Fill","hd":false},{"ty":"tr","p":{"a":0,"k":[261.111,26.215],"ix":2},"a":{"a":0,"k":[0,0],"ix":1},"s":{"a":0,"k":[100,100],"ix":3},"r":{"a":0,"k":0,"ix":6},"o":{"a":0,"k":100,"ix":7},"sk":{"a":0,"k":0,"ix":4},"sa":{"a":0,"k":0,"ix":5},"nm":"Transform"}],"nm":"Gruppe 1","np":2,"cix":2,"bm":0,"ix":1,"mn":"ADBE Vector Group","hd":false}],"ip":0,"op":150,"st":0,"bm":0},{"ddd":0,"ind":12,"ty":4,"nm":"Start3","sr":1,"ks":{"o":{"a":0,"k":100,"ix":11},"r":{"a":1,"k":[{"i":{"x":[0.833],"y":[0.833]},"o":{"x":[0.167],"y":[0.167]},"t":13,"s":[-266]},{"t":33,"s":[0]}],"ix":10},"p":{"a":1,"k":[{"i":{"x":0,"y":0.312},"o":{"x":0.167,"y":0.167},"t":13,"s":[157.5,140,0],"to":[0,0,0],"ti":[0,0,0]},{"t":33,"s":[147.395,28.515,0]}],"ix":2},"a":{"a":0,"k":[133.395,26.515,0],"ix":1},"s":{"a":1,"k":[{"i":{"x":[0.042,0.042,0.833],"y":[1.006,1.006,-26.778]},"o":{"x":[0.167,0.167,0.167],"y":[0.167,0.167,16.667]},"t":13,"s":[0,0,100]},{"t":33,"s":[100,100,100]}],"ix":6}},"ao":0,"shapes":[{"ty":"gr","it":[{"ind":0,"ty":"sh","ix":1,"ks":{"a":0,"k":{"i":[[0.411,0.258],[0,0],[0,0],[0.34,-0.277],[0,0],[0,0],[-0.183,-0.446],[0,0],[0,0],[-0.484,0.026],[0,0],[0,0],[-0.116,0.462],[0,0],[0,0]],"o":[[0,0],[0,0],[-0.022,-0.438],[0,0],[0,0],[-0.466,-0.133],[0,0],[0,0],[-0.264,0.392],[0,0],[0,0],[0.302,0.373],[0,0],[0,0],[0.454,-0.162]],"v":[[4.322,-0.152],[2.152,-1.511],[2.027,-4.018],[1.065,-4.446],[-0.882,-2.861],[-3.344,-3.565],[-4.039,-2.804],[-3.072,-0.466],[-4.469,1.607],[-3.935,2.505],[-1.392,2.366],[0.207,4.35],[1.231,4.145],[1.837,1.72],[4.222,0.874]],"c":true},"ix":2},"nm":"Pfad 1","mn":"ADBE Vector Shape - Group","hd":false},{"ty":"fl","c":{"a":0,"k":[1,0.728999956916,0.030999998953,1],"ix":4},"o":{"a":0,"k":100,"ix":5},"r":1,"bm":0,"nm":"Fläche 1","mn":"ADBE Vector Graphic - Fill","hd":false},{"ty":"tr","p":{"a":0,"k":[133.378,26.508],"ix":2},"a":{"a":0,"k":[0,0],"ix":1},"s":{"a":0,"k":[100,100],"ix":3},"r":{"a":0,"k":0,"ix":6},"o":{"a":0,"k":100,"ix":7},"sk":{"a":0,"k":0,"ix":4},"sa":{"a":0,"k":0,"ix":5},"nm":"Transform"}],"nm":"Gruppe 1","np":2,"cix":2,"bm":0,"ix":1,"mn":"ADBE Vector Group","hd":false}],"ip":0,"op":150,"st":0,"bm":0},{"ddd":0,"ind":13,"ty":4,"nm":"Star2","sr":1,"ks":{"o":{"a":0,"k":100,"ix":11},"r":{"a":1,"k":[{"i":{"x":[0.833],"y":[0.833]},"o":{"x":[0.167],"y":[0.167]},"t":11,"s":[-212]},{"t":31,"s":[0]}],"ix":10},"p":{"a":1,"k":[{"i":{"x":0,"y":0.699},"o":{"x":0.167,"y":0.167},"t":11,"s":[157.5,140,0],"to":[0,0,0],"ti":[0,0,0]},{"t":31,"s":[132.064,76.204,0]}],"ix":2},"a":{"a":0,"k":[97.064,84.204,0],"ix":1},"s":{"a":1,"k":[{"i":{"x":[0.042,0.042,0.833],"y":[1.006,1.006,-26.778]},"o":{"x":[0.167,0.167,0.167],"y":[0.167,0.167,16.667]},"t":11,"s":[0,0,100]},{"t":31,"s":[100,100,100]}],"ix":6}},"ao":0,"shapes":[{"ty":"gr","it":[{"ind":0,"ty":"sh","ix":1,"ks":{"a":0,"k":{"i":[[0.675,-0.565],[0,0],[0,0],[-0.287,-0.743],[0,0],[0,0],[-0.872,0.067],[0,0],[0,0],[-0.226,0.849],[0,0],[0,0],[0.734,0.459],[0,0],[0,0]],"o":[[0,0],[0,0],[-0.77,-0.208],[0,0],[0,0],[-0.491,0.73],[0,0],[0,0],[0.53,0.677],[0,0],[0,0],[0.814,-0.312],[0,0],[0,0],[-0.026,-0.875]],"v":[[2.135,-8.142],[-1.43,-5.157],[-5.831,-6.348],[-7.113,-4.926],[-5.467,-0.674],[-8.064,3.186],[-7.141,4.813],[-2.557,4.454],[0.239,8.029],[2.09,7.613],[3.277,3.141],[7.602,1.493],[7.822,-0.391],[3.974,-2.799],[3.851,-7.393]],"c":true},"ix":2},"nm":"Pfad 1","mn":"ADBE Vector Shape - Group","hd":false},{"ty":"fl","c":{"a":0,"k":[1,0.728999956916,0.030999998953,1],"ix":4},"o":{"a":0,"k":100,"ix":5},"r":1,"bm":0,"nm":"Fläche 1","mn":"ADBE Vector Graphic - Fill","hd":false},{"ty":"tr","p":{"a":0,"k":[97.039,84.191],"ix":2},"a":{"a":0,"k":[0,0],"ix":1},"s":{"a":0,"k":[100,100],"ix":3},"r":{"a":0,"k":0,"ix":6},"o":{"a":0,"k":100,"ix":7},"sk":{"a":0,"k":0,"ix":4},"sa":{"a":0,"k":0,"ix":5},"nm":"Transform"}],"nm":"Gruppe 1","np":2,"cix":2,"bm":0,"ix":1,"mn":"ADBE Vector Group","hd":false}],"ip":0,"op":150,"st":0,"bm":0},{"ddd":0,"ind":14,"ty":4,"nm":"Shape Layer 5","td":1,"sr":1,"ks":{"o":{"a":0,"k":100,"ix":11},"r":{"a":0,"k":0,"ix":10},"p":{"a":1,"k":[{"i":{"x":0.833,"y":0.833},"o":{"x":0.167,"y":0.167},"t":0,"s":[165,136.581,0],"to":[-2.542,-7.305,0],"ti":[-1.25,15.013,0]},{"i":{"x":0.833,"y":0.833},"o":{"x":0.167,"y":0.167},"t":37,"s":[149.75,92.75,0],"to":[1.25,-15.013,0],"ti":[-3.792,7.708,0]},{"t":38,"s":[172.5,46.5,0]}],"ix":2},"a":{"a":0,"k":[0,0,0],"ix":1},"s":{"a":0,"k":[100,100,100],"ix":6}},"ao":0,"shapes":[{"ty":"gr","it":[{"ty":"rc","d":1,"s":{"a":0,"k":[239,51],"ix":2},"p":{"a":0,"k":[0,0],"ix":3},"r":{"a":0,"k":0,"ix":4},"nm":"Rectangle Path 1","mn":"ADBE Vector Shape - Rect","hd":false},{"ty":"st","c":{"a":0,"k":[1,1,1,1],"ix":3},"o":{"a":0,"k":100,"ix":4},"w":{"a":0,"k":2,"ix":5},"lc":1,"lj":1,"ml":4,"bm":0,"nm":"Stroke 1","mn":"ADBE Vector Graphic - Stroke","hd":false},{"ty":"fl","c":{"a":0,"k":[1,0,0,1],"ix":4},"o":{"a":0,"k":100,"ix":5},"r":1,"bm":0,"nm":"Fill 1","mn":"ADBE Vector Graphic - Fill","hd":false},{"ty":"tr","p":{"a":0,"k":[-6,51.5],"ix":2},"a":{"a":0,"k":[0,0],"ix":1},"s":{"a":0,"k":[143.711,219.925],"ix":3},"r":{"a":0,"k":0,"ix":6},"o":{"a":0,"k":100,"ix":7},"sk":{"a":0,"k":0,"ix":4},"sa":{"a":0,"k":0,"ix":5},"nm":"Transform"}],"nm":"Rectangle 1","np":3,"cix":2,"bm":0,"ix":1,"mn":"ADBE Vector Group","hd":false}],"ip":0,"op":150,"st":0,"bm":0},{"ddd":0,"ind":15,"ty":2,"nm":"bank_mandiri [Converted].ai","cl":"ai","tt":1,"refId":"image_0","sr":1,"ks":{"o":{"a":0,"k":100,"ix":11},"r":{"a":0,"k":0,"ix":10},"p":{"a":0,"k":[166.5,98,0],"ix":2},"a":{"a":0,"k":[232,86.5,0],"ix":1},"s":{"a":0,"k":[68.966,63.006,100],"ix":6}},"ao":0,"ip":0,"op":150,"st":0,"bm":0},{"ddd":0,"ind":16,"ty":1,"nm":"Dark Gray Solid 1","sr":1,"ks":{"o":{"a":0,"k":100,"ix":11},"r":{"a":0,"k":0,"ix":10},"p":{"a":0,"k":[208.5,75.5,0],"ix":2},"a":{"a":0,"k":[157.5,94,0],"ix":1},"s":{"a":0,"k":[63.81,19.149,100],"ix":6}},"ao":0,"hasMask":true,"masksProperties":[{"inv":false,"mode":"n","pt":{"a":0,"k":{"i":[[0,0],[0,0],[0,0],[0,0],[0,0],[0,0],[0,0],[0,0],[0,0],[0,0]],"o":[[0,0],[0,0],[0,0],[0,0],[0,0],[0,0],[0,0],[0,0],[0,0],[0,0]],"v":[[61.903,154.056],[110.485,73.111],[125.373,86.167],[138.694,107.056],[155.149,125.333],[169.254,141],[216.269,75.722],[236.642,104.444],[260.149,130.556],[289.925,91.389]],"c":false},"ix":1},"o":{"a":0,"k":100,"ix":3},"x":{"a":0,"k":0,"ix":4},"nm":"Mask 1"}],"ef":[{"ty":22,"nm":"Stroke","np":13,"mn":"ADBE Stroke","ix":1,"en":1,"ef":[{"ty":10,"nm":"Path","mn":"ADBE Stroke-0001","ix":1,"v":{"a":0,"k":1,"ix":1}},{"ty":7,"nm":"All Masks","mn":"ADBE Stroke-0010","ix":2,"v":{"a":0,"k":1,"ix":2}},{"ty":7,"nm":"Stroke Sequentially","mn":"ADBE Stroke-0011","ix":3,"v":{"a":0,"k":1,"ix":3}},{"ty":2,"nm":"Color","mn":"ADBE Stroke-0002","ix":4,"v":{"a":0,"k":[1,1,1,1],"ix":4}},{"ty":0,"nm":"Brush Size","mn":"ADBE Stroke-0003","ix":5,"v":{"a":0,"k":21.8,"ix":5}},{"ty":0,"nm":"Brush Hardness","mn":"ADBE Stroke-0004","ix":6,"v":{"a":0,"k":0.95,"ix":6}},{"ty":0,"nm":"Opacity","mn":"ADBE Stroke-0005","ix":7,"v":{"a":0,"k":1,"ix":7}},{"ty":0,"nm":"Start","mn":"ADBE Stroke-0008","ix":8,"v":{"a":0,"k":0,"ix":8}},{"ty":0,"nm":"End","mn":"ADBE Stroke-0009","ix":9,"v":{"a":0,"k":0,"ix":9}},{"ty":7,"nm":"Spacing","mn":"ADBE Stroke-0006","ix":10,"v":{"a":0,"k":15,"ix":10}},{"ty":7,"nm":"Paint Style","mn":"ADBE Stroke-0007","ix":11,"v":{"a":0,"k":1,"ix":11}}]}],"sw":315,"sh":188,"sc":"#333333","ip":0,"op":150,"st":0,"bm":0},{"ddd":0,"ind":17,"ty":1,"nm":"Dark Gray Solid 2","sr":1,"ks":{"o":{"a":0,"k":100,"ix":11},"r":{"a":0,"k":0,"ix":10},"p":{"a":0,"k":[149.5,119,0],"ix":2},"a":{"a":0,"k":[157.5,94,0],"ix":1},"s":{"a":0,"k":[84.762,29.787,100],"ix":6}},"ao":0,"hasMask":true,"masksProperties":[{"inv":false,"mode":"n","pt":{"a":0,"k":{"i":[[0,0],[0,0],[0,0]],"o":[[0,0],[0,0],[0,0]],"v":[[23.596,47],[23.596,72.179],[23.596,134.286]],"c":false},"ix":1},"o":{"a":0,"k":100,"ix":3},"x":{"a":0,"k":0,"ix":4},"nm":"Mask 1"},{"inv":false,"mode":"a","pt":{"a":0,"k":{"i":[[0,0],[0,0]],"o":[[0,0],[0,0]],"v":[[35.393,47],[24.775,68.821]],"c":true},"ix":1},"o":{"a":0,"k":100,"ix":3},"x":{"a":0,"k":0,"ix":4},"nm":"Mask 2"},{"inv":false,"mode":"a","pt":{"a":0,"k":{"i":[[0,0],[0,0]],"o":[[0,0],[0,0]],"v":[[34.803,48.679],[44.831,50.357]],"c":true},"ix":1},"o":{"a":0,"k":100,"ix":3},"x":{"a":0,"k":0,"ix":4},"nm":"Mask 3"},{"inv":false,"mode":"n","pt":{"a":0,"k":{"i":[[0,0],[0,0],[0,0],[0,0]],"o":[[0,0],[0,0],[0,0],[0,0]],"v":[[45.421,50.357],[47.781,77.214],[47.191,114.143],[48.961,134.286]],"c":false},"ix":1},"o":{"a":0,"k":100,"ix":3},"x":{"a":0,"k":0,"ix":4},"nm":"Mask 4"},{"inv":false,"mode":"n","pt":{"a":0,"k":{"i":[[0,0],[0,0],[0,0],[0,0],[0,0],[0,0],[0,0],[0,0],[0,0],[0,0],[0,0],[0,0],[0,0],[0,0]],"o":[[0,0],[0,0],[0,0],[0,0],[0,0],[0,0],[0,0],[0,0],[0,0],[0,0],[0,0],[0,0],[0,0],[0,0]],"v":[[47.191,78.893],[58.399,48.679],[67.837,43.643],[73.736,68.821],[74.326,112.464],[73.146,139.321],[90.843,47],[102.051,48.679],[110.899,60.429],[112.669,97.357],[112.669,137.643],[130.365,50.357],[130.209,72.173],[129.775,132.607]],"c":false},"ix":1},"o":{"a":0,"k":100,"ix":3},"x":{"a":0,"k":0,"ix":4},"nm":"Mask 5"},{"inv":false,"mode":"a","pt":{"a":0,"k":{"i":[[0,0],[0,0]],"o":[[0,0],[0,0]],"v":[[112.669,95.679],[102.051,137.643]],"c":true},"ix":1},"o":{"a":0,"k":100,"ix":3},"x":{"a":0,"k":0,"ix":4},"nm":"Mask 6"},{"inv":false,"mode":"n","pt":{"a":0,"k":{"i":[[0,0],[0,0],[0,0],[0,0],[0,0]],"o":[[0,0],[0,0],[0,0],[0,0],[0,0]],"v":[[89.663,139.321],[86.713,119.179],[88.483,94],[96.742,85.607],[110.899,80.571]],"c":false},"ix":1},"o":{"a":0,"k":100,"ix":3},"x":{"a":0,"k":0,"ix":4},"nm":"Mask 7"},{"inv":false,"mode":"n","pt":{"a":0,"k":{"i":[[0,0],[0,0],[0,0],[0,0],[0,0],[0,0],[0,0],[0,0],[0,0],[0,0],[0,0],[0,0]],"o":[[0,0],[0,0],[0,0],[0,0],[0,0],[0,0],[0,0],[0,0],[0,0],[0,0],[0,0],[0,0]],"v":[[130.365,68.821],[138.624,47],[149.242,47],[153.961,67.143],[155.73,99.036],[153.961,134.286],[170.478,72.179],[171.657,110.786],[181.096,135.964],[192.893,124.214],[198.202,102.393],[200.562,134.286]],"c":false},"ix":1},"o":{"a":0,"k":100,"ix":3},"x":{"a":0,"k":0,"ix":4},"nm":"Mask 8"},{"inv":false,"mode":"n","pt":{"a":0,"k":{"i":[[0,0],[0,0],[0,0],[0,0],[0,0]],"o":[[0,0],[0,0],[0,0],[0,0],[0,0]],"v":[[198.202,53.714],[197.612,60.429],[191.124,48.679],[177.556,45.321],[169.888,70.5]],"c":false},"ix":1},"o":{"a":0,"k":100,"ix":3},"x":{"a":0,"k":0,"ix":4},"nm":"Mask 9"},{"inv":false,"mode":"n","pt":{"a":0,"k":{"i":[[0,0],[0,0]],"o":[[0,0],[0,0]],"v":[[197.022,5.036],[197.612,53.714]],"c":false},"ix":1},"o":{"a":0,"k":100,"ix":3},"x":{"a":0,"k":0,"ix":4},"nm":"Mask 10"},{"inv":false,"mode":"n","pt":{"a":0,"k":{"i":[[0,0],[0,0],[0,0],[0,0],[0,0],[0,0],[0,0],[0,0]],"o":[[0,0],[0,0],[0,0],[0,0],[0,0],[0,0],[0,0],[0,0]],"v":[[198.202,102.393],[195.253,55.393],[201.152,135.964],[215.309,47],[215.309,132.607],[231.236,47],[231.236,75.536],[231.236,137.643]],"c":false},"ix":1},"o":{"a":0,"k":100,"ix":3},"x":{"a":0,"k":0,"ix":4},"nm":"Mask 11"},{"inv":false,"mode":"a","pt":{"a":0,"k":{"i":[[0,0],[0,0]],"o":[[0,0],[0,0]],"v":[[243.624,45.321],[233.006,78.893]],"c":true},"ix":1},"o":{"a":0,"k":100,"ix":3},"x":{"a":0,"k":0,"ix":4},"nm":"Mask 12"},{"inv":false,"mode":"n","pt":{"a":0,"k":{"i":[[0,0],[0,0],[0,0]],"o":[[0,0],[0,0],[0,0]],"v":[[251.292,52.036],[259.551,135.964],[260.73,47]],"c":false},"ix":1},"o":{"a":0,"k":100,"ix":3},"x":{"a":0,"k":0,"ix":4},"nm":"Mask 13"}],"ef":[{"ty":22,"nm":"Stroke","np":13,"mn":"ADBE Stroke","ix":1,"en":1,"ef":[{"ty":10,"nm":"Path","mn":"ADBE Stroke-0001","ix":1,"v":{"a":0,"k":0,"ix":1}},{"ty":7,"nm":"All Masks","mn":"ADBE Stroke-0010","ix":2,"v":{"a":0,"k":1,"ix":2}},{"ty":7,"nm":"Stroke Sequentially","mn":"ADBE Stroke-0011","ix":3,"v":{"a":0,"k":1,"ix":3}},{"ty":2,"nm":"Color","mn":"ADBE Stroke-0002","ix":4,"v":{"a":0,"k":[1,1,1,1],"ix":4}},{"ty":0,"nm":"Brush Size","mn":"ADBE Stroke-0003","ix":5,"v":{"a":0,"k":11.1,"ix":5}},{"ty":0,"nm":"Brush Hardness","mn":"ADBE Stroke-0004","ix":6,"v":{"a":0,"k":0.95,"ix":6}},{"ty":0,"nm":"Opacity","mn":"ADBE Stroke-0005","ix":7,"v":{"a":0,"k":1,"ix":7}},{"ty":0,"nm":"Start","mn":"ADBE Stroke-0008","ix":8,"v":{"a":0,"k":0,"ix":8}},{"ty":0,"nm":"End","mn":"ADBE Stroke-0009","ix":9,"v":{"a":1,"k":[{"i":{"x":[0.833],"y":[0.833]},"o":{"x":[0.167],"y":[0.167]},"t":0,"s":[0]},{"t":37,"s":[100]}],"ix":9}},{"ty":7,"nm":"Spacing","mn":"ADBE Stroke-0006","ix":10,"v":{"a":0,"k":15,"ix":10}},{"ty":7,"nm":"Paint Style","mn":"ADBE Stroke-0007","ix":11,"v":{"a":0,"k":1,"ix":11}}]}],"sw":315,"sh":188,"sc":"#333333","ip":0,"op":150,"st":0,"bm":0},{"ddd":0,"ind":18,"ty":4,"nm":"Star1","sr":1,"ks":{"o":{"a":0,"k":100,"ix":11},"r":{"a":1,"k":[{"i":{"x":[0.833],"y":[0.833]},"o":{"x":[0.167],"y":[0.167]},"t":11,"s":[-239]},{"t":31,"s":[0]}],"ix":10},"p":{"a":1,"k":[{"i":{"x":0,"y":0.203},"o":{"x":0.167,"y":0.167},"t":11,"s":[157.5,140,0],"to":[0,0,0],"ti":[0,0,0]},{"t":31,"s":[193.606,88.933,0]}],"ix":2},"a":{"a":0,"k":[219.606,61.933,0],"ix":1},"s":{"a":1,"k":[{"i":{"x":[0.042,0.042,0.833],"y":[1.006,1.006,-26.778]},"o":{"x":[0.167,0.167,0.167],"y":[0.167,0.167,16.667]},"t":11,"s":[0,0,100]},{"t":31,"s":[100,100,100]}],"ix":6}},"ao":0,"shapes":[{"ty":"gr","it":[{"ind":0,"ty":"sh","ix":1,"ks":{"a":0,"k":{"i":[[0.946,-0.131],[0,0],[0,0],[0.163,-0.849],[0,0],[0,0],[-0.842,-0.44],[0,0],[0,0],[-0.697,0.652],[0,0],[0,0],[0.411,0.845],[0,0],[0,0]],"o":[[0,0],[0,0],[-0.588,-0.633],[0,0],[0,0],[-0.872,0.39],[0,0],[0,0],[0.099,0.928],[0,0],[0,0],[0.929,0.181],[0,0],[0,0],[0.479,-0.819]],"v":[[7.601,-5.783],[2.602,-5.086],[-0.764,-8.713],[-2.76,-8.141],[-3.693,-3.281],[-8.301,-1.223],[-8.387,0.807],[-3.962,3.114],[-3.445,8.013],[-1.503,8.694],[2.163,5.259],[7.09,6.23],[8.378,4.624],[6.219,0.195],[8.749,-4.107]],"c":true},"ix":2},"nm":"Pfad 1","mn":"ADBE Vector Shape - Group","hd":false},{"ty":"fl","c":{"a":0,"k":[1,0.728999956916,0.030999998953,1],"ix":4},"o":{"a":0,"k":100,"ix":5},"r":1,"bm":0,"nm":"Fläche 1","mn":"ADBE Vector Graphic - Fill","hd":false},{"ty":"tr","p":{"a":0,"k":[219.647,61.944],"ix":2},"a":{"a":0,"k":[0,0],"ix":1},"s":{"a":0,"k":[100,100],"ix":3},"r":{"a":0,"k":0,"ix":6},"o":{"a":0,"k":100,"ix":7},"sk":{"a":0,"k":0,"ix":4},"sa":{"a":0,"k":0,"ix":5},"nm":"Transform"}],"nm":"Gruppe 1","np":2,"cix":2,"bm":0,"ix":1,"mn":"ADBE Vector Group","hd":false}],"ip":0,"op":150,"st":0,"bm":0}],"markers":[{"tm":37,"cm":"0","dr":0}]}